"LOT","OPERGROUP","VISUAL_ID","SUBSTRUCTURE_ID","SOCKET","TEST_NAME","BASE_HANDSHAKING_KEY","HANDSHAKING_KEY","SHMOO_TYPE","SHMOO_STRING","API_RESULT","SHMOO_NUMBER"
"J640140MV","","D63X2G3600059","U10.U1","CLASSHOT","EIO_UCIE::DV_X_CTV_E_BGNPKG_X_X_X_X_SHMOO_CTV_RINGCFCMEM_SHMOORESULTS","DV_X_CTV_E_BGNPKG_X_X_X_X_SHMOO_CTV_RINGCFCMEM","DV_X_CTV_E_BGNPKG_X_X_X_X_SHMOO_CTV_RINGCFCMEM_J640140MV_6248_CLASSHOT","cross_ratio","ABCDEFGH_IJKLMNOP_Q*****RS_T*****UV_W******X_Y*******_Z*******_A*******_B*******_C*******_D*******_E*******_F*******_G*******_H*******_I*******_J*******_K*******_L*******_M*******_N*******_O*******","DEFECT (WALL)","1"
"J640140MV","","D63X2G3600059","U10.U1","CLASSHOT","EIO_UCIE::DV_X_X_E_BGNPKG_TAP_X_X_X_SHMOO_TAP2CRI_RINGCFCMEM_SHMOORESULTS","DV_X_X_E_BGNPKG_TAP_X_X_X_SHMOO_TAP2CRI_RINGCFCMEM","DV_X_X_E_BGNPKG_TAP_X_X_X_SHMOO_TAP2CRI_RINGCFCMEM_J640140MV_6248_CLASSHOT","cross_ratio","AAAABCCC_AAAAABCC_DEEEEEFC_DEEEEEEG_DEEEEEEE_DEEEEEEE_DEEEEEEE_DEEEEEEE_DEEEEEEE_DEEEEEEE_DEEEEEEE_DEEEEEEE_DEEEEEEE_DEEEEEEE_DEEEEEEE_DEEEEEEE_DEEEEEEE_DEEEEEEE_DEEEEEEE_DEEEEEEE","DEFECT (DEAD_SHMOO)","2"
"J640140MV","","D63X2G3600059","U10.U1","CLASSHOT","EIO_UCIE::DV_X_X_E_BGNPKG_TAP_X_X_X_SHMOO_TAP2CRI_C2IAUCIEA_SHMOORESULTS","DV_X_X_E_BGNPKG_TAP_X_X_X_SHMOO_TAP2CRI_C2IAUCIEA","DV_X_X_E_BGNPKG_TAP_X_X_X_SHMOO_TAP2CRI_C2IAUCIEA_J640140MV_6248_CLASSHOT","cross_ratio","A_A_A_B_B_B_B_C_D_D_D_D_D_D_D_D_D_D_D_D","DEFECT (DEAD_SHMOO)","3"
"J640140MV","","D63X2G3600059","U10.U1","CLASSHOT","IP_CBB::FUN_CORE_CBB::MLCFGSBFT_CORE_VMIN_K_CHKCBBAVX2F7_HPTP_AVX2_X_F7_SIGON_FGMTT_7911_RVEDC_CHAIN101_IA38_SHMOORESULTS","MLCFGSBFT_CORE_VMIN_K_CHKCBBAVX2F7_HPTP_AVX2_X_F7_SIGON_FGMTT_7911","MLCFGSBFT_CORE_VMIN_K_CHKCBBAVX2F7_HPTP_AVX2_X_F7_SIGON_FGMTT_7911_J640140MV_6248_CLASSHOT","cross_ratio","222222222222222222_222222222222222222_222222222222222222_222222222222222222_222222222222222222_222222222222222222_222222222222222222_222222222222222222_*121************1*_******************_******************_******************_******************_******************_******************_******************_******************_******************_******************_******************_******************_******************_******************_******************_******************","DEFECT (SPECKLE)","5"
"J640140MV","","D63X2G3600059","U10.U1","CLASSHOT","HTD_RESET_MCPSPLIT::RESET_MCPSPLIT_SHMOO_K_LTTC_X_X_X_X_UNCORE_ROOM_STABILITY_SHMOORESULTS","RESET_MCPSPLIT_SHMOO_K_LTTC_X_X_X_X_UNCORE_ROOM_STABILITY","RESET_MCPSPLIT_SHMOO_K_LTTC_X_X_X_X_UNCORE_ROOM_STABILITY_J640140MV_6248_CLASSHOT","timing","*","PASS","6"
"J640140MV","","D63X2G3600059","U10.U1","CLASSHOT","IP_CBB::FUN_CORE_CBB::MLCFGSBFT_CORE_VMIN_K_CHKCBBAVX2F7_HPTP_AVX2_X_F7_SIGON_FGMTT_7911_RVEDC_CHAIN101_IA40_SHMOORESULTS","MLCFGSBFT_CORE_VMIN_K_CHKCBBAVX2F7_HPTP_AVX2_X_F7_SIGON_FGMTT_7911","MLCFGSBFT_CORE_VMIN_K_CHKCBBAVX2F7_HPTP_AVX2_X_F7_SIGON_FGMTT_7911_J640140MV_6248_CLASSHOT","cross_ratio","222222222222222222_222222222222222222_222222222222222222_222222222222222222_222222222222222222_222222222222222222_222222222222222222_222222222222222222_222222222222222222_222222222222222222_222222222222222222_222222222222222222_222222222222222222_222222222222222222_222222222222222222_1*11112111*212*222_******************_******************_******************_******************_******************_******************_******************_******************_******************","DEFECT (SPECKLE)","8"
"J640140MV","","D63X2G3600059","U10.U1","CLASSHOT","IP_CBB::FUN_CORE_CBB::MLCFGSBFT_CORE_VMIN_K_CHKCBBAVX2F7_HPTP_AVX2_X_F7_SIGON_FGMTT_7911_RVEDC_CHAIN117_IA38_SHMOORESULTS","MLCFGSBFT_CORE_VMIN_K_CHKCBBAVX2F7_HPTP_AVX2_X_F7_SIGON_FGMTT_7911","MLCFGSBFT_CORE_VMIN_K_CHKCBBAVX2F7_HPTP_AVX2_X_F7_SIGON_FGMTT_7911_J640140MV_6248_CLASSHOT","cross_ratio","222222222222222222_222222222222222222_222222222222222222_222222222222222222_222222222222222222_222222222222222222_222222222222222222_222222222222222222_*1****1*1*********_******************_******************_******************_******************_******************_******************_******************_******************_******************_******************_******************_******************_******************_******************_******************_******************","DEFECT (SPECKLE)","9"
"J640140MV","","D63X2G3600059","U10.U1","CLASSHOT","IP_CBB::FUN_CORE_CBB::MLCFGSBFT_CORE_VMIN_K_CHKCBBAVX2F7_HPTP_AVX2_X_F7_SIGON_FGMTT_7911_RVEDC_CHAIN117_IA40_SHMOORESULTS","MLCFGSBFT_CORE_VMIN_K_CHKCBBAVX2F7_HPTP_AVX2_X_F7_SIGON_FGMTT_7911","MLCFGSBFT_CORE_VMIN_K_CHKCBBAVX2F7_HPTP_AVX2_X_F7_SIGON_FGMTT_7911_J640140MV_6248_CLASSHOT","cross_ratio","222222222222222222_222222222222222222_222222222222222222_222222222222222222_222222222222222222_222222222222222222_222222222222222222_222222222222222222_222222222222222222_222222222222222222_222222222222222222_222222222222222222_222222222222222222_222222222222222222_222222222222222222_12*2121***122112*1_*****1************_******************_******************_******************_******************_******************_******************_******************_******************","DEFECT (SPECKLE)","10"
"J640140MV","","D63X2G3600059","U10.U1","CLASSHOT","IP_CBB::FUN_CORE_CBB::MLCFGSBFT_CORE_VMIN_K_CHKCBBAVX2F7_HPTP_AVX2_X_F7_SIGON_FGMTT_7911_RVEDC_CHAIN98_IA38_SHMOORESULTS","MLCFGSBFT_CORE_VMIN_K_CHKCBBAVX2F7_HPTP_AVX2_X_F7_SIGON_FGMTT_7911","MLCFGSBFT_CORE_VMIN_K_CHKCBBAVX2F7_HPTP_AVX2_X_F7_SIGON_FGMTT_7911_J640140MV_6248_CLASSHOT","cross_ratio","2222222222222222222222222222222222_2222222222222222222222222222222222_2222222222222222222222222222222222_2222222222222222222222222222222222_2222222222222222222222222222222222_2222222222222222222222222222222222_2222222222222222222222222222222222_2222222222222222221222222222222222_***********1**********************_**********************************_**********************************_**********************************_**********************************_**********************************_**********************************_**********************************_**********************************_**********************************_**********************************_**********************************_**********************************_**********************************_**********************************_**********************************_**********************************","DEFECT (SPECKLE)","11"
"J640140MV","","D63X2G3600059","U10.U1","CLASSHOT","IP_CBB::FUN_CORE_CBB::MLCFGSBFT_CORE_VMIN_K_CHKCBBAVX2F7_HPTP_AVX2_X_F7_SIGON_FGMTT_7911_RVEDC_CHAIN98_IA40_SHMOORESULTS","MLCFGSBFT_CORE_VMIN_K_CHKCBBAVX2F7_HPTP_AVX2_X_F7_SIGON_FGMTT_7911","MLCFGSBFT_CORE_VMIN_K_CHKCBBAVX2F7_HPTP_AVX2_X_F7_SIGON_FGMTT_7911_J640140MV_6248_CLASSHOT","cross_ratio","2222222222222222222222222222222222_2222222222222222222222222222222222_2222222222222222222222222222222222_2222222222222222222222222222222222_2222222222222222222222222222222222_2222222222222222222222222222222222_2222222222222222222222222222222222_2222222222222222222222222222222222_2222222222222222222222222222222222_2222222222222222222222222222222222_2222222222222222222222222222222222_2222222222222222222222222222222222_2222222222222222222222222222222222_2222222222222222222222222222222222_2222222222222222222222222222222222_12111*1112111***12*1*112*12212**11_********************1*************_**********************************_**********************************_**********************************_**********************************_**********************************_**********************************_**********************************_**********************************","DEFECT (SPECKLE)","12"
"J640140MV","","D63X2G3600059","U10.U1","CLASSHOT","IP_CBB::FUN_CORE_CBB::MLCFGSBFT_CORE_VMIN_K_CHKCBBAVX3F7_HPTP_AVX3_X_F7_SIGON_FGMTT_7911_RVEDC_CHAIN101_IA38_SHMOORESULTS","MLCFGSBFT_CORE_VMIN_K_CHKCBBAVX3F7_HPTP_AVX3_X_F7_SIGON_FGMTT_7911","MLCFGSBFT_CORE_VMIN_K_CHKCBBAVX3F7_HPTP_AVX3_X_F7_SIGON_FGMTT_7911_J640140MV_6248_CLASSHOT","cross_ratio","222222222222222222_222222222222222222_222222222222222222_222222222222222222_222222222222222222_222222222222222222_222222222222222222_222222222222222222_11112*2222221*1112_1***1*************_******************_******************_******************_******************_******************_******************_******************_******************_******************_******************_******************_******************_******************_******************_******************","DEFECT (SPECKLE)","13"
"J640140MV","","D63X2G3600059","U10.U1","CLASSHOT","IP_CBB::FUN_CORE_CBB::MLCFGSBFT_CORE_VMIN_K_CHKCBBAVX3F7_HPTP_AVX3_X_F7_SIGON_FGMTT_7911_RVEDC_CHAIN101_IA40_SHMOORESULTS","MLCFGSBFT_CORE_VMIN_K_CHKCBBAVX3F7_HPTP_AVX3_X_F7_SIGON_FGMTT_7911","MLCFGSBFT_CORE_VMIN_K_CHKCBBAVX3F7_HPTP_AVX3_X_F7_SIGON_FGMTT_7911_J640140MV_6248_CLASSHOT","cross_ratio","222222222222222222_222222222222222222_222222222222222222_222222222222222222_222222222222222222_222222222222222222_222222222222222222_222222222222222222_222222222222222222_222222222222222222_222222222222222222_222222222222222222_222222222222222222_222222222222222222_222222222222222222_222222122222222122_*****1211*1**11*11_******************_******************_******************_******************_******************_******************_******************_******************","DEFECT (SPECKLE)","14"
"J640140MV","","D63X2G3600059","U10.U1","CLASSHOT","IP_CBB::FUN_CORE_CBB::MLCFGSBFT_CORE_VMIN_K_CHKCBBAVX3F7_HPTP_AVX3_X_F7_SIGON_FGMTT_7911_RVEDC_CHAIN117_IA38_SHMOORESULTS","MLCFGSBFT_CORE_VMIN_K_CHKCBBAVX3F7_HPTP_AVX3_X_F7_SIGON_FGMTT_7911","MLCFGSBFT_CORE_VMIN_K_CHKCBBAVX3F7_HPTP_AVX3_X_F7_SIGON_FGMTT_7911_J640140MV_6248_CLASSHOT","cross_ratio","222222222222222222_222222222222222222_222222222222222222_222222222222222222_222222222222222222_222222222222222222_222222222222222222_222222222222222222_11122221221212*211_***1****11*****1*1_******************_******************_******************_******************_******************_******************_******************_******************_******************_******************_******************_******************_******************_******************_******************","DEFECT (SPECKLE)","15"
"J640140MV","","D63X2G3600059","U10.U1","CLASSHOT","IP_CBB::FUN_CORE_CBB::MLCFGSBFT_CORE_VMIN_K_CHKCBBAVX3F7_HPTP_AVX3_X_F7_SIGON_FGMTT_7911_RVEDC_CHAIN117_IA40_SHMOORESULTS","MLCFGSBFT_CORE_VMIN_K_CHKCBBAVX3F7_HPTP_AVX3_X_F7_SIGON_FGMTT_7911","MLCFGSBFT_CORE_VMIN_K_CHKCBBAVX3F7_HPTP_AVX3_X_F7_SIGON_FGMTT_7911_J640140MV_6248_CLASSHOT","cross_ratio","222222222222222222_222222222222222222_222222222222222222_222222222222222222_222222222222222222_222222222222222222_222222222222222222_222222222222222222_222222222222222222_222222222222222222_222222222222222222_222222222222222222_222222222222222222_222222222222222222_222222222222222222_222222222222221222_1*11***111*****1**_******************_******************_******************_******************_******************_******************_******************_******************","DEFECT (SPECKLE)","16"
"J640140MV","","D63X2G3600059","U10.U1","CLASSHOT","IP_CBB::FUN_CORE_CBB::MLCFGSBFT_CORE_VMIN_K_CHKCBBAVX3F7_HPTP_AVX3_X_F7_SIGON_FGMTT_7911_RVEDC_CHAIN98_IA38_SHMOORESULTS","MLCFGSBFT_CORE_VMIN_K_CHKCBBAVX3F7_HPTP_AVX3_X_F7_SIGON_FGMTT_7911","MLCFGSBFT_CORE_VMIN_K_CHKCBBAVX3F7_HPTP_AVX3_X_F7_SIGON_FGMTT_7911_J640140MV_6248_CLASSHOT","cross_ratio","2222222222222222222222222222222222_2222222222222222222222222222222222_2222222222222222222222222222222222_2222222222222222222222222222222222_2222222222222222222222222222222222_2222222222222222222222222222222222_2222222222222222222222222222222222_2222222222222222222222222222222222_*1122122*212211*212212122111122221_1********1**111*1***1*************_**********************************_**********************************_**********************************_**********************************_**********************************_**********************************_**********************************_**********************************_**********************************_**********************************_**********************************_**********************************_**********************************_**********************************_**********************************","DEFECT (SPECKLE)","17"
"J640140MV","","D63X2G3600059","U10.U1","CLASSHOT","IP_CBB::FUN_CORE_CBB::MLCFGSBFT_CORE_VMIN_K_CHKCBBAVX3F7_HPTP_AVX3_X_F7_SIGON_FGMTT_7911_RVEDC_CHAIN98_IA40_SHMOORESULTS","MLCFGSBFT_CORE_VMIN_K_CHKCBBAVX3F7_HPTP_AVX3_X_F7_SIGON_FGMTT_7911","MLCFGSBFT_CORE_VMIN_K_CHKCBBAVX3F7_HPTP_AVX3_X_F7_SIGON_FGMTT_7911_J640140MV_6248_CLASSHOT","cross_ratio","2222222222222222222222222222222222_2222222222222222222222222222222222_2222222222222222222222222222222222_2222222222222222222222222222222222_2222222222222222222222222222222222_2222222222222222222222222222222222_2222222222222222222222222222222222_2222222222222222222222222222222222_2222222222222222222222222222222222_2222222222222222222222222222222222_2222222222222222222222222222222222_2222222222222222222222222222222222_2222222222222222222222222222222222_2222222222222222222222222222222222_2222222222222222222222222222222222_2222222122221221222222222222211112_***1*1*****1***1**2***1********1**_**********************************_**********************************_**********************************_**********************************_**********************************_**********************************_**********************************_**********************************","DEFECT (SPECKLE)","18"
"J640140MV","","D63X2G3600059","U10.U1","CLASSHOT","IP_CBB::FUN_CORE_CBB::MLCFGSBFT_CORE_VMIN_K_CHKCBBIAF7_HPTP_IA_X_F7_SIGON_FGMTT_7911_RVEDC_CHAIN101_IA38_SHMOORESULTS","MLCFGSBFT_CORE_VMIN_K_CHKCBBIAF7_HPTP_IA_X_F7_SIGON_FGMTT_7911","MLCFGSBFT_CORE_VMIN_K_CHKCBBIAF7_HPTP_IA_X_F7_SIGON_FGMTT_7911_J640140MV_6248_CLASSHOT","cross_ratio","222222222222222222_222222222222222222_222222222222222222_222222222222222222_222222222222222222_222222222222222222_222222222222222222_222222222222222222_222222222222222222_****211***22111**2_******************_******************_******************_******************_******************_******************_******************_******************_******************_******************_******************_******************_******************_******************_******************","DEFECT (SPECKLE)","19"
"J640140MV","","D63X2G3600059","U10.U1","CLASSHOT","IP_CBB::FUN_CORE_CBB::MLCFGSBFT_CORE_VMIN_K_CHKCBBIAF7_HPTP_IA_X_F7_SIGON_FGMTT_7911_RVEDC_CHAIN101_IA40_SHMOORESULTS","MLCFGSBFT_CORE_VMIN_K_CHKCBBIAF7_HPTP_IA_X_F7_SIGON_FGMTT_7911","MLCFGSBFT_CORE_VMIN_K_CHKCBBIAF7_HPTP_IA_X_F7_SIGON_FGMTT_7911_J640140MV_6248_CLASSHOT","cross_ratio","222222222222222222_222222222222222222_222222222222222222_222222222222222222_222222222222222222_222222222222222222_222222222222222222_222222222222222222_222222222222222222_222222222222222222_222222222222222222_222222222222222222_222222222222222222_222222222222222222_222222222222222222_222222222222222222_******************_******************_******************_******************_******************_******************_******************_******************_******************","DEFECT (SPECKLE)","20"
"J640140MV","","D63X2G3600059","U10.U1","CLASSHOT","IP_CBB::FUN_CORE_CBB::MLCFGSBFT_CORE_VMIN_K_CHKCBBIAF7_HPTP_IA_X_F7_SIGON_FGMTT_7911_RVEDC_CHAIN117_IA38_SHMOORESULTS","MLCFGSBFT_CORE_VMIN_K_CHKCBBIAF7_HPTP_IA_X_F7_SIGON_FGMTT_7911","MLCFGSBFT_CORE_VMIN_K_CHKCBBIAF7_HPTP_IA_X_F7_SIGON_FGMTT_7911_J640140MV_6248_CLASSHOT","cross_ratio","222222222222222222_222222222222222222_222222222222222222_222222222222222222_222222222222222222_222222222222222222_222222222222222222_222222222222222222_222222222222222222_***12**1211******1_******************_******************_******************_******************_******************_******************_******************_******************_******************_******************_******************_******************_******************_******************_******************","DEFECT (SPECKLE)","21"
"J640140MV","","D63X2G3600059","U10.U1","CLASSHOT","IP_CBB::FUN_CORE_CBB::MLCFGSBFT_CORE_VMIN_K_CHKCBBIAF7_HPTP_IA_X_F7_SIGON_FGMTT_7911_RVEDC_CHAIN117_IA40_SHMOORESULTS","MLCFGSBFT_CORE_VMIN_K_CHKCBBIAF7_HPTP_IA_X_F7_SIGON_FGMTT_7911","MLCFGSBFT_CORE_VMIN_K_CHKCBBIAF7_HPTP_IA_X_F7_SIGON_FGMTT_7911_J640140MV_6248_CLASSHOT","cross_ratio","222222222222222222_222222222222222222_222222222222222222_222222222222222222_222222222222222222_222222222222222222_222222222222222222_222222222222222222_222222222222222222_222222222222222222_222222222222222222_222222222222222222_222222222222222222_222222222222222222_222222222222222222_222222222222222222_*****1**********1*_******************_******************_******************_******************_******************_******************_******************_******************","DEFECT (SPECKLE)","22"
"J640140MV","","D63X2G3600059","U10.U1","CLASSHOT","IP_CBB::FUN_CORE_CBB::MLCFGSBFT_CORE_VMIN_K_CHKCBBIAF7_HPTP_IA_X_F7_SIGON_FGMTT_7911_RVEDC_CHAIN98_IA38_SHMOORESULTS","MLCFGSBFT_CORE_VMIN_K_CHKCBBIAF7_HPTP_IA_X_F7_SIGON_FGMTT_7911","MLCFGSBFT_CORE_VMIN_K_CHKCBBIAF7_HPTP_IA_X_F7_SIGON_FGMTT_7911_J640140MV_6248_CLASSHOT","cross_ratio","2222222222222222222222222222222222_2222222222222222222222222222222222_2222222222222222222222222222222222_2222222222222222222222222222222222_2222222222222222222222222222222222_2222222222222222222222222222222222_2222222222222222222222222222222222_2222222222222222222222222222222222_2222222222222222222222222222222222_1*11****1**1*211****111*1**111**11_**********************************_**********************************_**********************************_**********************************_**********************************_**********************************_**********************************_**********************************_**********************************_**********************************_**********************************_**********************************_**********************************_**********************************_**********************************","DEFECT (SPECKLE)","23"
"J640140MV","","D63X2G3600059","U10.U1","CLASSHOT","IP_CBB::FUN_CORE_CBB::MLCFGSBFT_CORE_VMIN_K_CHKCBBIAF7_HPTP_IA_X_F7_SIGON_FGMTT_7911_RVEDC_CHAIN98_IA40_SHMOORESULTS","MLCFGSBFT_CORE_VMIN_K_CHKCBBIAF7_HPTP_IA_X_F7_SIGON_FGMTT_7911","MLCFGSBFT_CORE_VMIN_K_CHKCBBIAF7_HPTP_IA_X_F7_SIGON_FGMTT_7911_J640140MV_6248_CLASSHOT","cross_ratio","2222222222222222222222222222222222_2222222222222222222222222222222222_2222222222222222222222222222222222_2222222222222222222222222222222222_2222222222222222222222222222222222_2222222222222222222222222222222222_2222222222222222222222222222222222_2222222222222222222222222222222222_2222222222222222222222222222222222_2222222222222222222222222222222222_2222222222222222222222222222222222_2222222222222222222222222222222222_2222222222222222222222222222222222_2222222222222222222222222222222222_2222222222222222222222222222222222_2221222222222222222222222222222222_1**11****11*************1*********_**********************************_**********************************_**********************************_**********************************_**********************************_**********************************_**********************************_**********************************","DEFECT (SPECKLE)","24"
"J640140MV","","D63X2G3600060","U10.U1","CLASSHOT","EIO_UCIE::DV_X_CTV_E_BGNPKG_X_X_X_X_SHMOO_CTV_RINGCFCMEM_SHMOORESULTS","DV_X_CTV_E_BGNPKG_X_X_X_X_SHMOO_CTV_RINGCFCMEM","DV_X_CTV_E_BGNPKG_X_X_X_X_SHMOO_CTV_RINGCFCMEM_J640140MV_6248_CLASSHOT","cross_ratio","ABCDEEFG_HIJKLEMN_O*****EP_Q******E_R*******_S*******_T*******_U*******_V*******_W*******_X*******_Y*******_Z*******_A*******_B*******_C*******_D*******_E*******_F*******_G*******_H*******_I*******","DEFECT (WALL)","25"
"J640140MV","","D63X2G3600060","U10.U1","CLASSHOT","EIO_UCIE::DV_X_X_E_BGNPKG_TAP_X_X_X_SHMOO_TAP2CRI_C2IAUCIEA_SHMOORESULTS","DV_X_X_E_BGNPKG_TAP_X_X_X_SHMOO_TAP2CRI_C2IAUCIEA","DV_X_X_E_BGNPKG_TAP_X_X_X_SHMOO_TAP2CRI_C2IAUCIEA_J640140MV_6248_CLASSHOT","cross_ratio","A_A_A_B_B_B_C_D_D_D_D_D_D_D_D_D_D_D_D_D","DEFECT (DEAD_SHMOO)","26"
"J640140MV","","D63X2G3600060","U10.U1","CLASSHOT","EIO_UCIE::DV_X_X_E_BGNPKG_TAP_X_X_X_SHMOO_TAP2CRI_RINGCFCMEM_SHMOORESULTS","DV_X_X_E_BGNPKG_TAP_X_X_X_SHMOO_TAP2CRI_RINGCFCMEM","DV_X_X_E_BGNPKG_TAP_X_X_X_SHMOO_TAP2CRI_RINGCFCMEM_J640140MV_6248_CLASSHOT","cross_ratio","AAAABCCC_AAAAABBC_DEEEEEEB_DEEEEEEE_DEEEEEEE_DEEEEEEE_DEEEEEEE_DEEEEEEE_DEEEEEEE_DEEEEEEE_DEEEEEEE_DEEEEEEE_DEEEEEEE_DEEEEEEE_DEEEEEEE_DEEEEEEE_DEEEEEEE_DEEEEEEE_DEEEEEEE_DEEEEEEE","DEFECT (DEAD_SHMOO)","27"
"J640064MV","","D6052PY100173","U10.U1","CLASSHOT","IP_CBB::FUN_CORE_CBB::MLCFGSBFT_CORE_VMIN_K_CHKCBBAVX2F1_HPTP_AVX2_X_F1_SIGON_FG_RVEDC_CHAIN117_SHMOORESULTS","MLCFGSBFT_CORE_VMIN_K_CHKCBBAVX2F1_HPTP_AVX2_X_F1_SIGON_FG","MLCFGSBFT_CORE_VMIN_K_CHKCBBAVX2F1_HPTP_AVX2_X_F1_SIGON_FG_J640064MV_6248_CLASSHOT","cross_ratio","1*****************_******************_******************_******************_******************_******************","DEFECT (SPECKLE)","29"
"J640064MV","","D6052PY100173","U10.U1","CLASSHOT","IP_CBB::FUN_CORE_CBB::MLCFGSBFT_CORE_VMIN_K_CHKCBBAVX2F1_HPTP_AVX2_X_F1_SIGON_FG_RVEDC_CHAIN98_SHMOORESULTS","MLCFGSBFT_CORE_VMIN_K_CHKCBBAVX2F1_HPTP_AVX2_X_F1_SIGON_FG","MLCFGSBFT_CORE_VMIN_K_CHKCBBAVX2F1_HPTP_AVX2_X_F1_SIGON_FG_J640064MV_6248_CLASSHOT","cross_ratio","**********************************_**********************************_**********************************_**********************************_**********************************_**********************************","PASS","30"
"J640064MV","","D6052PY100173","U10.U1","CLASSHOT","IP_CBB::FUN_CORE_CBB::MLCFGSBFT_CORE_VMIN_K_CHKCBBAVX2F4_HPTP_AVX2_X_F4_SIGON_FG_RVEDC_CHAIN101_SHMOORESULTS","MLCFGSBFT_CORE_VMIN_K_CHKCBBAVX2F4_HPTP_AVX2_X_F4_SIGON_FG","MLCFGSBFT_CORE_VMIN_K_CHKCBBAVX2F4_HPTP_AVX2_X_F4_SIGON_FG_J640064MV_6248_CLASSHOT","cross_ratio","122111222211222111_******************_******************_******************_******************_******************_******************","PASS","31"
"J640064MV","","D6052PY100173","U10.U1","CLASSHOT","HTD_RESET_MCPSPLIT::RESET_MCPSPLIT_SHMOO_K_LTTC_X_X_X_X_UNCORE_ROOM_STABILITY_SHMOORESULTS","RESET_MCPSPLIT_SHMOO_K_LTTC_X_X_X_X_UNCORE_ROOM_STABILITY","RESET_MCPSPLIT_SHMOO_K_LTTC_X_X_X_X_UNCORE_ROOM_STABILITY_J640064MV_6248_CLASSHOT","timing","*","PASS","32"
"J640064MV","","D6052PY100173","U10.U1","CLASSHOT","IP_CBB::FUN_CORE_CBB::MLCFGSBFT_CORE_VMIN_K_CHKCBBAVX2F1_HPTP_AVX2_X_F1_SIGON_FG_RVEDC_CHAIN101_SHMOORESULTS","MLCFGSBFT_CORE_VMIN_K_CHKCBBAVX2F1_HPTP_AVX2_X_F1_SIGON_FG","MLCFGSBFT_CORE_VMIN_K_CHKCBBAVX2F1_HPTP_AVX2_X_F1_SIGON_FG_J640064MV_6248_CLASSHOT","cross_ratio","******************_******************_******************_******************_******************_******************","PASS","34"
"J640064MV","","D6052PY100173","U10.U1","CLASSHOT","IP_CBB::FUN_CORE_CBB::MLCFGSBFT_CORE_VMIN_K_CHKCBBAVX2F4_HPTP_AVX2_X_F4_SIGON_FG_RVEDC_CHAIN117_SHMOORESULTS","MLCFGSBFT_CORE_VMIN_K_CHKCBBAVX2F4_HPTP_AVX2_X_F4_SIGON_FG","MLCFGSBFT_CORE_VMIN_K_CHKCBBAVX2F4_HPTP_AVX2_X_F4_SIGON_FG_J640064MV_6248_CLASSHOT","cross_ratio","2222121*2222221222_******************_******************_******************_******************_******************_******************","PASS","35"
"J640064MV","","D6052PY100173","U10.U1","CLASSHOT","IP_CBB::FUN_CORE_CBB::MLCFGSBFT_CORE_VMIN_K_CHKCBBAVX2F4_HPTP_AVX2_X_F4_SIGON_FG_RVEDC_CHAIN98_SHMOORESULTS","MLCFGSBFT_CORE_VMIN_K_CHKCBBAVX2F4_HPTP_AVX2_X_F4_SIGON_FG","MLCFGSBFT_CORE_VMIN_K_CHKCBBAVX2F4_HPTP_AVX2_X_F4_SIGON_FG_J640064MV_6248_CLASSHOT","cross_ratio","1212121222221212222121212222222111_**********************************_**********************************_**********************************_**********************************_**********************************_**********************************","PASS","36"
"J640064MV","","D6052PY100173","U10.U1","CLASSHOT","IP_CBB::FUN_CORE_CBB::MLCFGSBFT_CORE_VMIN_K_CHKCBBAVX3F1_HPTP_AVX3_X_F1_SIGON_FG_RVEDC_CHAIN117_SHMOORESULTS","MLCFGSBFT_CORE_VMIN_K_CHKCBBAVX3F1_HPTP_AVX3_X_F1_SIGON_FG","MLCFGSBFT_CORE_VMIN_K_CHKCBBAVX3F1_HPTP_AVX3_X_F1_SIGON_FG_J640064MV_6248_CLASSHOT","cross_ratio","1*****************_******************_******************_******************_******************_******************","DEFECT (SPECKLE)","37"
"J640064MV","","D6052PY100173","U10.U1","CLASSHOT","IP_CBB::FUN_CORE_CBB::MLCFGSBFT_CORE_VMIN_K_CHKCBBAVX3F1_HPTP_AVX3_X_F1_SIGON_FG_RVEDC_CHAIN98_SHMOORESULTS","MLCFGSBFT_CORE_VMIN_K_CHKCBBAVX3F1_HPTP_AVX3_X_F1_SIGON_FG","MLCFGSBFT_CORE_VMIN_K_CHKCBBAVX3F1_HPTP_AVX3_X_F1_SIGON_FG_J640064MV_6248_CLASSHOT","cross_ratio","**********************************_**********************************_**********************************_**********************************_**********************************_**********************************","PASS","38"
"J640064MV","","D6052PY100173","U10.U1","CLASSHOT","IP_CBB::FUN_CORE_CBB::MLCFGSBFT_CORE_VMIN_K_CHKCBBAVX3F4_HPTP_AVX3_X_F4_SIGON_FG_RVEDC_CHAIN101_SHMOORESULTS","MLCFGSBFT_CORE_VMIN_K_CHKCBBAVX3F4_HPTP_AVX3_X_F4_SIGON_FG","MLCFGSBFT_CORE_VMIN_K_CHKCBBAVX3F4_HPTP_AVX3_X_F4_SIGON_FG_J640064MV_6248_CLASSHOT","cross_ratio","2111211*11122*222*_******************_******************_******************_******************_******************_******************","PASS","39"
"J640064MV","","D6052PY100173","U10.U1","CLASSHOT","IP_CBB::FUN_CORE_CBB::MLCFGSBFT_CORE_VMIN_K_CHKCBBAVX3F1_HPTP_AVX3_X_F1_SIGON_FG_RVEDC_CHAIN101_SHMOORESULTS","MLCFGSBFT_CORE_VMIN_K_CHKCBBAVX3F1_HPTP_AVX3_X_F1_SIGON_FG","MLCFGSBFT_CORE_VMIN_K_CHKCBBAVX3F1_HPTP_AVX3_X_F1_SIGON_FG_J640064MV_6248_CLASSHOT","cross_ratio","******************_******************_******************_******************_******************_******************","PASS","40"
"J640064MV","","D6052PY100173","U10.U1","CLASSHOT","IP_CBB::FUN_CORE_CBB::MLCFGSBFT_CORE_VMIN_K_CHKCBBAVX3F4_HPTP_AVX3_X_F4_SIGON_FG_RVEDC_CHAIN117_SHMOORESULTS","MLCFGSBFT_CORE_VMIN_K_CHKCBBAVX3F4_HPTP_AVX3_X_F4_SIGON_FG","MLCFGSBFT_CORE_VMIN_K_CHKCBBAVX3F4_HPTP_AVX3_X_F4_SIGON_FG_J640064MV_6248_CLASSHOT","cross_ratio","1121*2121211112122_******************_******************_******************_******************_******************_******************","PASS","41"
"J640064MV","","D6052PY100173","U10.U1","CLASSHOT","IP_CBB::FUN_CORE_CBB::MLCFGSBFT_CORE_VMIN_K_CHKCBBAVX3F4_HPTP_AVX3_X_F4_SIGON_FG_RVEDC_CHAIN98_SHMOORESULTS","MLCFGSBFT_CORE_VMIN_K_CHKCBBAVX3F4_HPTP_AVX3_X_F4_SIGON_FG","MLCFGSBFT_CORE_VMIN_K_CHKCBBAVX3F4_HPTP_AVX3_X_F4_SIGON_FG_J640064MV_6248_CLASSHOT","cross_ratio","**11111211211121*2111221121212112*_**********************************_**********************************_**********************************_**********************************_**********************************_**********************************","PASS","42"
"J640064MV","","D6052PY100173","U10.U1","CLASSHOT","IP_CBB::FUN_CORE_CBB::MLCFGSBFT_CORE_VMIN_K_CHKCBBIAF1_HPTP_IA_X_F1_SIGON_FG_RVEDC_CHAIN101_SHMOORESULTS","MLCFGSBFT_CORE_VMIN_K_CHKCBBIAF1_HPTP_IA_X_F1_SIGON_FG","MLCFGSBFT_CORE_VMIN_K_CHKCBBIAF1_HPTP_IA_X_F1_SIGON_FG_J640064MV_6248_CLASSHOT","cross_ratio","******************_******************_******************_******************_******************_******************","PASS","43"
"J640064MV","","D6052PY100173","U10.U1","CLASSHOT","IP_CBB::FUN_CORE_CBB::MLCFGSBFT_CORE_VMIN_K_CHKCBBIAF1_HPTP_IA_X_F1_SIGON_FG_RVEDC_CHAIN117_SHMOORESULTS","MLCFGSBFT_CORE_VMIN_K_CHKCBBIAF1_HPTP_IA_X_F1_SIGON_FG","MLCFGSBFT_CORE_VMIN_K_CHKCBBIAF1_HPTP_IA_X_F1_SIGON_FG_J640064MV_6248_CLASSHOT","cross_ratio","1211****1***1*11**_******************_******************_******************_******************_******************","DEFECT (SPECKLE)","44"
"J640064MV","","D6052PY100173","U10.U1","CLASSHOT","IP_CBB::FUN_CORE_CBB::MLCFGSBFT_CORE_VMIN_K_CHKCBBIAF4_HPTP_IA_X_F4_SIGON_FG_RVEDC_CHAIN101_SHMOORESULTS","MLCFGSBFT_CORE_VMIN_K_CHKCBBIAF4_HPTP_IA_X_F4_SIGON_FG","MLCFGSBFT_CORE_VMIN_K_CHKCBBIAF4_HPTP_IA_X_F4_SIGON_FG_J640064MV_6248_CLASSHOT","cross_ratio","2*12**1111112*1*11_******************_******************_******************_******************_******************_******************","DEFECT (SPECKLE)","45"
"J640064MV","","D6052PY100173","U10.U1","CLASSHOT","IP_CBB::FUN_CORE_CBB::MLCFGSBFT_CORE_VMIN_K_CHKCBBIAF4_HPTP_IA_X_F4_SIGON_FG_RVEDC_CHAIN117_SHMOORESULTS","MLCFGSBFT_CORE_VMIN_K_CHKCBBIAF4_HPTP_IA_X_F4_SIGON_FG","MLCFGSBFT_CORE_VMIN_K_CHKCBBIAF4_HPTP_IA_X_F4_SIGON_FG_J640064MV_6248_CLASSHOT","cross_ratio","212222112211112222_******************_******************_******************_******************_******************_******************","PASS","46"
"J640064MV","","D6052PY100173","U10.U1","CLASSHOT","IP_CBB::FUN_CORE_CBB::MLCFGSBFT_CORE_VMIN_K_CHKCBBIAF1_HPTP_IA_X_F1_SIGON_FG_RVEDC_CHAIN98_SHMOORESULTS","MLCFGSBFT_CORE_VMIN_K_CHKCBBIAF1_HPTP_IA_X_F1_SIGON_FG","MLCFGSBFT_CORE_VMIN_K_CHKCBBIAF1_HPTP_IA_X_F1_SIGON_FG_J640064MV_6248_CLASSHOT","cross_ratio","*****************1***1************_**********************************_**********************************_**********************************_**********************************_**********************************","DEFECT (SPECKLE)","47"
"J640064MV","","D6052PY100173","U10.U1","CLASSHOT","IP_CBB::FUN_CORE_CBB::MLCFGSBFT_CORE_VMIN_K_CHKCBBIAF4_HPTP_IA_X_F4_SIGON_FG_RVEDC_CHAIN98_SHMOORESULTS","MLCFGSBFT_CORE_VMIN_K_CHKCBBIAF4_HPTP_IA_X_F4_SIGON_FG","MLCFGSBFT_CORE_VMIN_K_CHKCBBIAF4_HPTP_IA_X_F4_SIGON_FG_J640064MV_6248_CLASSHOT","cross_ratio","22121*211111*1221212*1*222121111*1_**********************************_**********************************_**********************************_**********************************_**********************************_**********************************","DEFECT (SPECKLE)","48"
