"LOT","BASE_TEST_NAME","OPERGROUPS","SOCKET_COVERAGE","UNIT_COVERAGE","UNIT_COUNT","UNIT_ISOLATED_DEFECT","CROSS_SOCKET_PATTERN","SOCKET_BREAKDOWN_MASKS","WORST_DEFECT","UNRESOLVED_DEFECTS","OVERALL_SEVERITY","RISK_SCORE","ROOT_CAUSE_SCENARIOS"
"J640140MV","EIO_UCIE::DV_X_X_E_BGNPKG_TAP_X_X_X_SHMOO_TAP2CRI_RINGCFCMEM","","CLASSHOT","D63X2G3600059|D63X2G3600060","2","NO","PERSISTENT_MULTI_SOCKET_FAIL","CLASSHOT: UNKNOWN=DEFECT(DEAD_SHMOO)[2/2 units]","DEAD_SHMOO","","100","160.0","#9 DEAD_SHMOO (100% fail across entire search space)"
"J640140MV","EIO_UCIE::DV_X_X_E_BGNPKG_TAP_X_X_X_SHMOO_TAP2CRI_C2IAUCIEA","","CLASSHOT","D63X2G3600059|D63X2G3600060","2","NO","PERSISTENT_MULTI_SOCKET_FAIL","CLASSHOT: UNKNOWN=DEFECT(DEAD_SHMOO)[2/2 units]","DEAD_SHMOO","","100","160.0","#9 DEAD_SHMOO (100% fail across entire search space)"
"J640140MV","EIO_UCIE::DV_X_CTV_E_BGNPKG_X_X_X_X_SHMOO_CTV_RINGCFCMEM","","CLASSHOT","D63X2G3600059|D63X2G3600060","2","NO","PERSISTENT_MULTI_SOCKET_FAIL","CLASSHOT: UNKNOWN=DEFECT(WALL)[2/2 units]","WALL","","80","128.0","#2 WALL (global / uniform across sockets, masks, units)"
"J640140MV","IP_CBB::FUN_CORE_CBB::MLCFGSBFT_CORE_VMIN_K_CHKCBBAVX2F7_HPTP_AVX2_X_F7_SIGON_FGMTT_7911_RVEDC_CHAIN101_IA38","","CLASSHOT","D63X2G3600059","1","NO","PERSISTENT_MULTI_SOCKET_FAIL","CLASSHOT: UNKNOWN=DEFECT(SPECKLE)","SPECKLE","","40","64.0","#5 SPECKLE (diffuse/isolated - not persisting across masks)"
"J640140MV","IP_CBB::FUN_CORE_CBB::MLCFGSBFT_CORE_VMIN_K_CHKCBBAVX2F7_HPTP_AVX2_X_F7_SIGON_FGMTT_7911_RVEDC_CHAIN101_IA40","","CLASSHOT","D63X2G3600059","1","NO","PERSISTENT_MULTI_SOCKET_FAIL","CLASSHOT: UNKNOWN=DEFECT(SPECKLE)","SPECKLE","","40","64.0","#5 SPECKLE (diffuse/isolated - not persisting across masks)"
"J640140MV","IP_CBB::FUN_CORE_CBB::MLCFGSBFT_CORE_VMIN_K_CHKCBBAVX2F7_HPTP_AVX2_X_F7_SIGON_FGMTT_7911_RVEDC_CHAIN117_IA38","","CLASSHOT","D63X2G3600059","1","NO","PERSISTENT_MULTI_SOCKET_FAIL","CLASSHOT: UNKNOWN=DEFECT(SPECKLE)","SPECKLE","","40","64.0","#5 SPECKLE (diffuse/isolated - not persisting across masks)"
"J640140MV","IP_CBB::FUN_CORE_CBB::MLCFGSBFT_CORE_VMIN_K_CHKCBBAVX2F7_HPTP_AVX2_X_F7_SIGON_FGMTT_7911_RVEDC_CHAIN117_IA40","","CLASSHOT","D63X2G3600059","1","NO","PERSISTENT_MULTI_SOCKET_FAIL","CLASSHOT: UNKNOWN=DEFECT(SPECKLE)","SPECKLE","","40","64.0","#5 SPECKLE (diffuse/isolated - not persisting across masks)"
"J640140MV","IP_CBB::FUN_CORE_CBB::MLCFGSBFT_CORE_VMIN_K_CHKCBBAVX2F7_HPTP_AVX2_X_F7_SIGON_FGMTT_7911_RVEDC_CHAIN98_IA38","","CLASSHOT","D63X2G3600059","1","NO","PERSISTENT_MULTI_SOCKET_FAIL","CLASSHOT: UNKNOWN=DEFECT(SPECKLE)","SPECKLE","","40","64.0","#5 SPECKLE (diffuse/isolated - not persisting across masks)"
"J640140MV","IP_CBB::FUN_CORE_CBB::MLCFGSBFT_CORE_VMIN_K_CHKCBBAVX2F7_HPTP_AVX2_X_F7_SIGON_FGMTT_7911_RVEDC_CHAIN98_IA40","","CLASSHOT","D63X2G3600059","1","NO","PERSISTENT_MULTI_SOCKET_FAIL","CLASSHOT: UNKNOWN=DEFECT(SPECKLE)","SPECKLE","","40","64.0","#5 SPECKLE (diffuse/isolated - not persisting across masks)"
"J640140MV","IP_CBB::FUN_CORE_CBB::MLCFGSBFT_CORE_VMIN_K_CHKCBBAVX3F7_HPTP_AVX3_X_F7_SIGON_FGMTT_7911_RVEDC_CHAIN101_IA38","","CLASSHOT","D63X2G3600059","1","NO","PERSISTENT_MULTI_SOCKET_FAIL","CLASSHOT: UNKNOWN=DEFECT(SPECKLE)","SPECKLE","","40","64.0","#5 SPECKLE (diffuse/isolated - not persisting across masks)"
"J640140MV","IP_CBB::FUN_CORE_CBB::MLCFGSBFT_CORE_VMIN_K_CHKCBBAVX3F7_HPTP_AVX3_X_F7_SIGON_FGMTT_7911_RVEDC_CHAIN101_IA40","","CLASSHOT","D63X2G3600059","1","NO","PERSISTENT_MULTI_SOCKET_FAIL","CLASSHOT: UNKNOWN=DEFECT(SPECKLE)","SPECKLE","","40","64.0","#5 SPECKLE (diffuse/isolated - not persisting across masks)"
"J640140MV","IP_CBB::FUN_CORE_CBB::MLCFGSBFT_CORE_VMIN_K_CHKCBBAVX3F7_HPTP_AVX3_X_F7_SIGON_FGMTT_7911_RVEDC_CHAIN117_IA38","","CLASSHOT","D63X2G3600059","1","NO","PERSISTENT_MULTI_SOCKET_FAIL","CLASSHOT: UNKNOWN=DEFECT(SPECKLE)","SPECKLE","","40","64.0","#5 SPECKLE (diffuse/isolated - not persisting across masks)"
"J640140MV","IP_CBB::FUN_CORE_CBB::MLCFGSBFT_CORE_VMIN_K_CHKCBBAVX3F7_HPTP_AVX3_X_F7_SIGON_FGMTT_7911_RVEDC_CHAIN117_IA40","","CLASSHOT","D63X2G3600059","1","NO","PERSISTENT_MULTI_SOCKET_FAIL","CLASSHOT: UNKNOWN=DEFECT(SPECKLE)","SPECKLE","","40","64.0","#5 SPECKLE (diffuse/isolated - not persisting across masks)"
"J640140MV","IP_CBB::FUN_CORE_CBB::MLCFGSBFT_CORE_VMIN_K_CHKCBBAVX3F7_HPTP_AVX3_X_F7_SIGON_FGMTT_7911_RVEDC_CHAIN98_IA38","","CLASSHOT","D63X2G3600059","1","NO","PERSISTENT_MULTI_SOCKET_FAIL","CLASSHOT: UNKNOWN=DEFECT(SPECKLE)","SPECKLE","","40","64.0","#5 SPECKLE (diffuse/isolated - not persisting across masks)"
"J640140MV","IP_CBB::FUN_CORE_CBB::MLCFGSBFT_CORE_VMIN_K_CHKCBBAVX3F7_HPTP_AVX3_X_F7_SIGON_FGMTT_7911_RVEDC_CHAIN98_IA40","","CLASSHOT","D63X2G3600059","1","NO","PERSISTENT_MULTI_SOCKET_FAIL","CLASSHOT: UNKNOWN=DEFECT(SPECKLE)","SPECKLE","","40","64.0","#5 SPECKLE (diffuse/isolated - not persisting across masks)"
"J640140MV","IP_CBB::FUN_CORE_CBB::MLCFGSBFT_CORE_VMIN_K_CHKCBBIAF7_HPTP_IA_X_F7_SIGON_FGMTT_7911_RVEDC_CHAIN101_IA38","","CLASSHOT","D63X2G3600059","1","NO","PERSISTENT_MULTI_SOCKET_FAIL","CLASSHOT: UNKNOWN=DEFECT(SPECKLE)","SPECKLE","","40","64.0","#5 SPECKLE (diffuse/isolated - not persisting across masks)"
"J640140MV","IP_CBB::FUN_CORE_CBB::MLCFGSBFT_CORE_VMIN_K_CHKCBBIAF7_HPTP_IA_X_F7_SIGON_FGMTT_7911_RVEDC_CHAIN101_IA40","","CLASSHOT","D63X2G3600059","1","NO","PERSISTENT_MULTI_SOCKET_FAIL","CLASSHOT: UNKNOWN=DEFECT(SPECKLE)","SPECKLE","","40","64.0","#5 SPECKLE (diffuse/isolated - not persisting across masks)"
"J640140MV","IP_CBB::FUN_CORE_CBB::MLCFGSBFT_CORE_VMIN_K_CHKCBBIAF7_HPTP_IA_X_F7_SIGON_FGMTT_7911_RVEDC_CHAIN117_IA38","","CLASSHOT","D63X2G3600059","1","NO","PERSISTENT_MULTI_SOCKET_FAIL","CLASSHOT: UNKNOWN=DEFECT(SPECKLE)","SPECKLE","","40","64.0","#5 SPECKLE (diffuse/isolated - not persisting across masks)"
"J640140MV","IP_CBB::FUN_CORE_CBB::MLCFGSBFT_CORE_VMIN_K_CHKCBBIAF7_HPTP_IA_X_F7_SIGON_FGMTT_7911_RVEDC_CHAIN117_IA40","","CLASSHOT","D63X2G3600059","1","NO","PERSISTENT_MULTI_SOCKET_FAIL","CLASSHOT: UNKNOWN=DEFECT(SPECKLE)","SPECKLE","","40","64.0","#5 SPECKLE (diffuse/isolated - not persisting across masks)"
"J640140MV","IP_CBB::FUN_CORE_CBB::MLCFGSBFT_CORE_VMIN_K_CHKCBBIAF7_HPTP_IA_X_F7_SIGON_FGMTT_7911_RVEDC_CHAIN98_IA38","","CLASSHOT","D63X2G3600059","1","NO","PERSISTENT_MULTI_SOCKET_FAIL","CLASSHOT: UNKNOWN=DEFECT(SPECKLE)","SPECKLE","","40","64.0","#5 SPECKLE (diffuse/isolated - not persisting across masks)"
"J640140MV","IP_CBB::FUN_CORE_CBB::MLCFGSBFT_CORE_VMIN_K_CHKCBBIAF7_HPTP_IA_X_F7_SIGON_FGMTT_7911_RVEDC_CHAIN98_IA40","","CLASSHOT","D63X2G3600059","1","NO","PERSISTENT_MULTI_SOCKET_FAIL","CLASSHOT: UNKNOWN=DEFECT(SPECKLE)","SPECKLE","","40","64.0","#5 SPECKLE (diffuse/isolated - not persisting across masks)"
"J640064MV","IP_CBB::FUN_CORE_CBB::MLCFGSBFT_CORE_VMIN_K_CHKCBBAVX2F1_HPTP_AVX2_X_F1_SIGON_FG_RVEDC_CHAIN117","","CLASSHOT","D6052PY100173","1","NO","PERSISTENT_MULTI_SOCKET_FAIL","CLASSHOT: UNKNOWN=DEFECT(SPECKLE)","SPECKLE","","40","64.0","#5 SPECKLE (diffuse/isolated - not persisting across masks)"
"J640064MV","IP_CBB::FUN_CORE_CBB::MLCFGSBFT_CORE_VMIN_K_CHKCBBAVX3F1_HPTP_AVX3_X_F1_SIGON_FG_RVEDC_CHAIN117","","CLASSHOT","D6052PY100173","1","NO","PERSISTENT_MULTI_SOCKET_FAIL","CLASSHOT: UNKNOWN=DEFECT(SPECKLE)","SPECKLE","","40","64.0","#5 SPECKLE (diffuse/isolated - not persisting across masks)"
"J640064MV","IP_CBB::FUN_CORE_CBB::MLCFGSBFT_CORE_VMIN_K_CHKCBBIAF1_HPTP_IA_X_F1_SIGON_FG_RVEDC_CHAIN117","","CLASSHOT","D6052PY100173","1","NO","PERSISTENT_MULTI_SOCKET_FAIL","CLASSHOT: UNKNOWN=DEFECT(SPECKLE)","SPECKLE","","40","64.0","#5 SPECKLE (diffuse/isolated - not persisting across masks)"
"J640064MV","IP_CBB::FUN_CORE_CBB::MLCFGSBFT_CORE_VMIN_K_CHKCBBIAF4_HPTP_IA_X_F4_SIGON_FG_RVEDC_CHAIN101","","CLASSHOT","D6052PY100173","1","NO","PERSISTENT_MULTI_SOCKET_FAIL","CLASSHOT: UNKNOWN=DEFECT(SPECKLE)","SPECKLE","","40","64.0","#5 SPECKLE (diffuse/isolated - not persisting across masks)"
"J640064MV","IP_CBB::FUN_CORE_CBB::MLCFGSBFT_CORE_VMIN_K_CHKCBBIAF1_HPTP_IA_X_F1_SIGON_FG_RVEDC_CHAIN98","","CLASSHOT","D6052PY100173","1","NO","PERSISTENT_MULTI_SOCKET_FAIL","CLASSHOT: UNKNOWN=DEFECT(SPECKLE)","SPECKLE","","40","64.0","#5 SPECKLE (diffuse/isolated - not persisting across masks)"
"J640064MV","IP_CBB::FUN_CORE_CBB::MLCFGSBFT_CORE_VMIN_K_CHKCBBIAF4_HPTP_IA_X_F4_SIGON_FG_RVEDC_CHAIN98","","CLASSHOT","D6052PY100173","1","NO","PERSISTENT_MULTI_SOCKET_FAIL","CLASSHOT: UNKNOWN=DEFECT(SPECKLE)","SPECKLE","","40","64.0","#5 SPECKLE (diffuse/isolated - not persisting across masks)"
"J640140MV","HTD_RESET_MCPSPLIT::RESET_MCPSPLIT_SHMOO_K_LTTC_X_X_X_X_UNCORE_ROOM_STABILITY","","CLASSHOT","D63X2G3600059","1","NO","CLEAN","CLASSHOT: UNKNOWN=PASS","","","0","0.0",""
"J640064MV","IP_CBB::FUN_CORE_CBB::MLCFGSBFT_CORE_VMIN_K_CHKCBBAVX2F1_HPTP_AVX2_X_F1_SIGON_FG_RVEDC_CHAIN98","","CLASSHOT","D6052PY100173","1","NO","CLEAN","CLASSHOT: UNKNOWN=PASS","","","0","0.0",""
"J640064MV","IP_CBB::FUN_CORE_CBB::MLCFGSBFT_CORE_VMIN_K_CHKCBBAVX2F4_HPTP_AVX2_X_F4_SIGON_FG_RVEDC_CHAIN101","","CLASSHOT","D6052PY100173","1","NO","CLEAN","CLASSHOT: UNKNOWN=PASS","","","0","0.0",""
"J640064MV","HTD_RESET_MCPSPLIT::RESET_MCPSPLIT_SHMOO_K_LTTC_X_X_X_X_UNCORE_ROOM_STABILITY","","CLASSHOT","D6052PY100173","1","NO","CLEAN","CLASSHOT: UNKNOWN=PASS","","","0","0.0",""
"J640064MV","IP_CBB::FUN_CORE_CBB::MLCFGSBFT_CORE_VMIN_K_CHKCBBAVX2F1_HPTP_AVX2_X_F1_SIGON_FG_RVEDC_CHAIN101","","CLASSHOT","D6052PY100173","1","NO","CLEAN","CLASSHOT: UNKNOWN=PASS","","","0","0.0",""
"J640064MV","IP_CBB::FUN_CORE_CBB::MLCFGSBFT_CORE_VMIN_K_CHKCBBAVX2F4_HPTP_AVX2_X_F4_SIGON_FG_RVEDC_CHAIN117","","CLASSHOT","D6052PY100173","1","NO","CLEAN","CLASSHOT: UNKNOWN=PASS","","","0","0.0",""
"J640064MV","IP_CBB::FUN_CORE_CBB::MLCFGSBFT_CORE_VMIN_K_CHKCBBAVX2F4_HPTP_AVX2_X_F4_SIGON_FG_RVEDC_CHAIN98","","CLASSHOT","D6052PY100173","1","NO","CLEAN","CLASSHOT: UNKNOWN=PASS","","","0","0.0",""
"J640064MV","IP_CBB::FUN_CORE_CBB::MLCFGSBFT_CORE_VMIN_K_CHKCBBAVX3F1_HPTP_AVX3_X_F1_SIGON_FG_RVEDC_CHAIN98","","CLASSHOT","D6052PY100173","1","NO","CLEAN","CLASSHOT: UNKNOWN=PASS","","","0","0.0",""
"J640064MV","IP_CBB::FUN_CORE_CBB::MLCFGSBFT_CORE_VMIN_K_CHKCBBAVX3F4_HPTP_AVX3_X_F4_SIGON_FG_RVEDC_CHAIN101","","CLASSHOT","D6052PY100173","1","NO","CLEAN","CLASSHOT: UNKNOWN=PASS","","","0","0.0",""
"J640064MV","IP_CBB::FUN_CORE_CBB::MLCFGSBFT_CORE_VMIN_K_CHKCBBAVX3F1_HPTP_AVX3_X_F1_SIGON_FG_RVEDC_CHAIN101","","CLASSHOT","D6052PY100173","1","NO","CLEAN","CLASSHOT: UNKNOWN=PASS","","","0","0.0",""
"J640064MV","IP_CBB::FUN_CORE_CBB::MLCFGSBFT_CORE_VMIN_K_CHKCBBAVX3F4_HPTP_AVX3_X_F4_SIGON_FG_RVEDC_CHAIN117","","CLASSHOT","D6052PY100173","1","NO","CLEAN","CLASSHOT: UNKNOWN=PASS","","","0","0.0",""
"J640064MV","IP_CBB::FUN_CORE_CBB::MLCFGSBFT_CORE_VMIN_K_CHKCBBAVX3F4_HPTP_AVX3_X_F4_SIGON_FG_RVEDC_CHAIN98","","CLASSHOT","D6052PY100173","1","NO","CLEAN","CLASSHOT: UNKNOWN=PASS","","","0","0.0",""
"J640064MV","IP_CBB::FUN_CORE_CBB::MLCFGSBFT_CORE_VMIN_K_CHKCBBIAF1_HPTP_IA_X_F1_SIGON_FG_RVEDC_CHAIN101","","CLASSHOT","D6052PY100173","1","NO","CLEAN","CLASSHOT: UNKNOWN=PASS","","","0","0.0",""
"J640064MV","IP_CBB::FUN_CORE_CBB::MLCFGSBFT_CORE_VMIN_K_CHKCBBIAF4_HPTP_IA_X_F4_SIGON_FG_RVEDC_CHAIN117","","CLASSHOT","D6052PY100173","1","NO","CLEAN","CLASSHOT: UNKNOWN=PASS","","","0","0.0",""
